dominant_topic,severity,n,mean_empathy,mean_sentiment
0,acute,130,0.0025,-0.4932
0,chronic,1445,0.0039,-0.275
1,acute,61,0.0,-0.0525
1,chronic,621,0.002,-0.0871
2,acute,345,0.005,-0.4085
2,chronic,716,0.0064,-0.2357
3,acute,318,0.0017,-0.247
3,chronic,88,0.0,-0.1769
4,acute,227,0.0008,-0.1865
4,chronic,381,0.0002,-0.4001
5,acute,27,0.0,0.1739
5,chronic,486,0.002,0.232
6,acute,233,0.0007,-0.2999
6,chronic,1073,0.0059,-0.2848
7,acute,177,0.0,-0.3051
7,chronic,111,0.0033,-0.2547
8,acute,85,0.0,-0.3309
8,chronic,391,0.003,-0.2573
9,acute,159,0.0038,-0.3974
9,chronic,818,0.0046,-0.3263
10,acute,118,0.0,-0.3517
10,chronic,737,0.0013,-0.4654
11,acute,169,0.0,-0.3931
11,chronic,605,0.0031,-0.5463
12,acute,267,0.0006,-0.4288
12,chronic,452,0.0005,-0.4063
13,acute,137,0.0,-0.0894
13,chronic,719,0.0016,0.124
14,acute,66,0.0024,-0.0106
14,chronic,959,0.0051,-0.1679
