dominant_topic,n,pct_shared_exp,mean_sentiment_with,mean_sentiment_all
0,1575,0.0362,-0.3171,-0.293
1,682,0.0337,-0.4989,-0.084
2,1061,0.0349,-0.3237,-0.2919
3,406,0.0517,0.0796,-0.2318
4,608,0.0609,-0.6157,-0.3204
5,513,0.0078,-0.3849,0.2289
6,1306,0.0222,-0.5055,-0.2875
7,288,0.0208,-0.2011,-0.2856
8,476,0.0315,0.1172,-0.2704
9,977,0.0655,-0.403,-0.3379
10,855,0.0386,-0.7137,-0.4497
11,774,0.0323,-0.6752,-0.5128
12,719,0.064,-0.526,-0.4146
13,856,0.0175,0.3991,0.0899
14,1025,0.0176,-0.2385,-0.1577
