medical_topic,0,1,2,3,4,5,6,7,8,9,10,11,12
0,0.1111111111111111,0.07142857142857142,0.1111111111111111,0.1111111111111111,0.15384615384615385,0.1111111111111111,0.15384615384615385,0.30434782608695654,0.25,0.1111111111111111,0.15384615384615385,0.07142857142857142,0.15384615384615385
1,0.034482758620689655,0.034482758620689655,0.034482758620689655,0.07142857142857142,0.034482758620689655,0.0,0.034482758620689655,0.034482758620689655,0.07142857142857142,0.034482758620689655,0.034482758620689655,0.034482758620689655,0.07142857142857142
2,0.15384615384615385,0.1111111111111111,0.1111111111111111,0.1111111111111111,0.25,0.30434782608695654,0.1111111111111111,0.25,0.25,0.1111111111111111,0.15384615384615385,0.07142857142857142,0.15384615384615385
3,0.1111111111111111,0.1111111111111111,0.07142857142857142,0.1111111111111111,0.07142857142857142,0.07142857142857142,0.1111111111111111,0.1111111111111111,0.15384615384615385,0.07142857142857142,0.15384615384615385,0.034482758620689655,0.2
4,0.15384615384615385,0.1111111111111111,0.1111111111111111,0.07142857142857142,0.07142857142857142,0.1111111111111111,0.2,0.15384615384615385,0.2,0.15384615384615385,0.15384615384615385,0.07142857142857142,0.15384615384615385
5,0.034482758620689655,0.0,0.07142857142857142,0.034482758620689655,0.034482758620689655,0.0,0.1111111111111111,0.07142857142857142,0.07142857142857142,0.07142857142857142,0.07142857142857142,0.07142857142857142,0.1111111111111111
6,0.15384615384615385,0.07142857142857142,0.07142857142857142,0.1111111111111111,0.1111111111111111,0.07142857142857142,0.1111111111111111,0.2,0.15384615384615385,0.07142857142857142,0.2,0.034482758620689655,0.15384615384615385
7,0.07142857142857142,0.15384615384615385,0.034482758620689655,0.07142857142857142,0.034482758620689655,0.07142857142857142,0.07142857142857142,0.07142857142857142,0.1111111111111111,0.034482758620689655,0.1111111111111111,0.0,0.15384615384615385
8,0.15384615384615385,0.15384615384615385,0.15384615384615385,0.1111111111111111,0.07142857142857142,0.15384615384615385,0.15384615384615385,0.2,0.25,0.1111111111111111,0.2,0.07142857142857142,0.30434782608695654
9,0.2,0.2,0.15384615384615385,0.15384615384615385,0.30434782608695654,0.36363636363636365,0.15384615384615385,0.42857142857142855,0.42857142857142855,0.1111111111111111,0.25,0.1111111111111111,0.30434782608695654
10,0.25,0.2,0.1111111111111111,0.15384615384615385,0.1111111111111111,0.15384615384615385,0.2,0.30434782608695654,0.36363636363636365,0.15384615384615385,0.25,0.07142857142857142,0.30434782608695654
11,0.1111111111111111,0.15384615384615385,0.1111111111111111,0.1111111111111111,0.07142857142857142,0.07142857142857142,0.15384615384615385,0.15384615384615385,0.2,0.1111111111111111,0.2,0.07142857142857142,0.2
12,0.1111111111111111,0.1111111111111111,0.1111111111111111,0.1111111111111111,0.07142857142857142,0.07142857142857142,0.15384615384615385,0.15384615384615385,0.2,0.1111111111111111,0.15384615384615385,0.07142857142857142,0.2
13,0.07142857142857142,0.07142857142857142,0.034482758620689655,0.0,0.0,0.07142857142857142,0.07142857142857142,0.1111111111111111,0.1111111111111111,0.034482758620689655,0.07142857142857142,0.034482758620689655,0.1111111111111111
14,0.25,0.15384615384615385,0.1111111111111111,0.15384615384615385,0.15384615384615385,0.2,0.2,0.36363636363636365,0.30434782608695654,0.15384615384615385,0.2,0.1111111111111111,0.25
